Accuracy,AUC,MCC,G-mean,Dataset
0.860475,0.8135153254520795,0.27673516385768687,0.6320425757997028,Train (40k)
0.8519,0.7378248080924027,0.20970736854356858,0.5701030681015264,Supervised Test (10k)
