Accuracy,AUC,MCC,G-mean,Dataset
0.897,0.8648156429528969,0.3821398588666876,0.676630039859185,Train (40k)
0.8766,0.7305601617933922,0.2066356512484174,0.5201455064495965,Supervised Test (10k)
