Accuracy,AUC,MCC,G-mean,Dataset
0.6372,0.6869106655225987,0.15662798380178727,0.6399029173591722,Train (40k)
0.6347,0.6954862513195248,0.15987731569892313,0.6440337711850357,Supervised Test (10k)
